{"cameraMode":{"drawMode":0,"name":"Shaded","section":"Shading Mode"},"sceneLighting":true,"audioPlay":false,"sceneViewState":{"showFog":true,"showMaterialUpdate":false,"showSkybox":true,"showFlares":true,"showImageEffects":true,"showParticleSystems":true},"in2DMode":false,"pivot":{"x":4.043298244476318,"y":-3.2439992427825929,"z":12.25953483581543},"rotation":{"x":-0.24671831727027894,"y":0.013662892393767834,"z":-0.0034727263264358045,"w":-0.9690191149711609},"size":39.463382720947269,"orthographic":false}