{"cameraMode":{"drawMode":0,"name":"Shaded","section":"Shading Mode"},"sceneLighting":true,"audioPlay":false,"sceneViewState":{"showFog":true,"showMaterialUpdate":false,"showSkybox":true,"showFlares":true,"showImageEffects":true,"showParticleSystems":true},"in2DMode":false,"pivot":{"x":5.050525665283203,"y":-2.10333251953125,"z":72.97993469238281},"rotation":{"x":-0.10213892161846161,"y":0.0035668709315359594,"z":-0.0005198482540436089,"w":-0.9948493838310242},"size":108.1824951171875,"orthographic":false}