{"cameraMode":{"drawMode":0,"name":"Shaded","section":"Shading Mode"},"sceneLighting":true,"audioPlay":false,"sceneViewState":{"showFog":true,"showMaterialUpdate":false,"showSkybox":true,"showFlares":true,"showImageEffects":true,"showParticleSystems":true},"in2DMode":false,"pivot":{"x":14.070446968078614,"y":29.78860092163086,"z":-23.282346725463868},"rotation":{"x":-0.2714432179927826,"y":0.13031885027885438,"z":-0.037089087069034579,"w":-0.9529184103012085},"size":32.773338317871097,"orthographic":false}