{"cameraMode":{"drawMode":0,"name":"Shaded","section":"Shading Mode"},"sceneLighting":true,"audioPlay":false,"sceneViewState":{"showFog":true,"showMaterialUpdate":false,"showSkybox":true,"showFlares":true,"showImageEffects":true,"showParticleSystems":true},"in2DMode":false,"pivot":{"x":-8.80877685546875,"y":2.3995361328125,"z":-4.62646484375},"rotation":{"x":-0.004297556821256876,"y":0.9960011839866638,"z":-0.06582086533308029,"w":-0.062206659466028216},"size":4.993300914764404,"orthographic":true}